user_id,action,action_type,action_detail,device_type,secs_elapsed
0e9rascg0c,index,view,your_listings,"Windows Desktop",8513
0e9rascg0c,show,view,p3,"Windows Desktop",33601
0e9rascg0c,index,view,your_listings,"Windows Desktop",6328
0e9rascg0c,ajax_lwlb_contact,click,contact_host,"Windows Desktop",11159
0e9rascg0c,,message_post,message_post,"Windows Desktop",11940
0e9rascg0c,ask_question,submit,contact_host,"Windows Desktop",445
0e9rascg0c,confirm_email,click,confirm_email_link,iPhone,28883
0e9rascg0c,,message_post,message_post,"Windows Desktop",NULL
0e9rascg0c,index,view,view_search_results,"Windows Desktop",95708
0e9rascg0c,show,view,p3,"Windows Desktop",10765
0e9rascg0c,index,view,your_listings,"Windows Desktop",5284
0e9rascg0c,ask_question,submit,contact_host,"Windows Desktop",561
0e9rascg0c,index,view,view_search_results,"Windows Desktop",17146
0e9rascg0c,header_userpic,data,header_userpic,"Windows Desktop",1390
0e9rascg0c,personalize,data,wishlist_content_update,"Windows Desktop",67
0e9rascg0c,show,view,p3,"Windows Desktop",6295
tue0sqxoer,active,,,,NULL
tue0sqxoer,multi,,,,422
tue0sqxoer,show,,,,500
p960dmwylo,authenticate,submit,login,"Windows Desktop",NULL
p960dmwylo,hosting_social_proof,,,"Windows Desktop",231839
p960dmwylo,header_userpic,data,header_userpic,"Windows Desktop",2772
paik5ed4hi,show,view,p3,"Mac Desktop",214099
paik5ed4hi,index,view,view_search_results,"Mac Desktop",1535
paik5ed4hi,personalize,data,wishlist_content_update,"Mac Desktop",117
paik5ed4hi,show,,,"Mac Desktop",1329
paik5ed4hi,show,view,p3,"Mac Desktop",2365
paik5ed4hi,ajax_refresh_subtotal,click,change_trip_characteristics,"Mac Desktop",671
paik5ed4hi,show,,,"Mac Desktop",28
paik5ed4hi,personalize,data,wishlist_content_update,"Mac Desktop",1164
paik5ed4hi,show,view,p3,"Mac Desktop",567124
paik5ed4hi,search,,,,412227
paik5ed4hi,ajax_refresh_subtotal,click,change_trip_characteristics,"Mac Desktop",732
paik5ed4hi,show,,,"Mac Desktop",81
paik5ed4hi,personalize,data,wishlist_content_update,"Mac Desktop",1813
paik5ed4hi,create,submit,create_user,"Mac Desktop",NULL
paik5ed4hi,header_userpic,data,header_userpic,"Mac Desktop",663
paik5ed4hi,confirm_email,click,confirm_email_link,"Mac Desktop",29756
paik5ed4hi,dashboard,view,dashboard,"Mac Desktop",564
paik5ed4hi,active,,,,59823
paik5ed4hi,multi,,,,89
paik5ed4hi,faq_experiment_ids,,,,73
paik5ed4hi,show,,,,516
paik5ed4hi,faq_category,,,,45570
paik5ed4hi,ajax_refresh_subtotal,click,change_trip_characteristics,"Mac Desktop",48176
paik5ed4hi,similar_listings,data,similar_listings,"Mac Desktop",138
paik5ed4hi,ajax_refresh_subtotal,click,change_trip_characteristics,"Mac Desktop",5763
paik5ed4hi,similar_listings,data,similar_listings,"Mac Desktop",146
paik5ed4hi,similar_listings,data,similar_listings,"Mac Desktop",63
paik5ed4hi,ajax_refresh_subtotal,click,change_trip_characteristics,"Mac Desktop",1416
paik5ed4hi,show,,,"Mac Desktop",112
paik5ed4hi,personalize,data,wishlist_content_update,"Mac Desktop",1324
paik5ed4hi,show,view,p3,"Mac Desktop",29074
paik5ed4hi,lookup,,,"Mac Desktop",1220
paik5ed4hi,search_results,click,view_search_results,"Mac Desktop",3939
paik5ed4hi,lookup,,,"Mac Desktop",1255
paik5ed4hi,search_results,click,view_search_results,"Mac Desktop",282441
paik5ed4hi,personalize,data,wishlist_content_update,"Mac Desktop",105
paik5ed4hi,lookup,,,"Mac Desktop",1914
paik5ed4hi,index,view,view_search_results,"Mac Desktop",124241
paik5ed4hi,similar_listings,data,similar_listings,"Mac Desktop",169
paik5ed4hi,ajax_refresh_subtotal,click,change_trip_characteristics,"Mac Desktop",641
paik5ed4hi,show,,,"Mac Desktop",66
paik5ed4hi,personalize,data,wishlist_content_update,"Mac Desktop",1266
paik5ed4hi,show,view,p3,"Mac Desktop",32617
paik5ed4hi,ajax_refresh_subtotal,click,change_trip_characteristics,"Mac Desktop",5379
paik5ed4hi,lookup,,,"Mac Desktop",1006
paik5ed4hi,search_results,click,view_search_results,"Mac Desktop",8131
paik5ed4hi,lookup,,,"Mac Desktop",1683
paik5ed4hi,search_results,click,view_search_results,"Mac Desktop",895
paik5ed4hi,lookup,,,"Mac Desktop",1393
paik5ed4hi,search_results,click,view_search_results,"Mac Desktop",5180
paik5ed4hi,lookup,,,"Mac Desktop",1180
paik5ed4hi,search_results,click,view_search_results,"Mac Desktop",2169
paik5ed4hi,lookup,,,"Mac Desktop",1
paik5ed4hi,personalize,data,wishlist_content_update,"Mac Desktop",2184
paik5ed4hi,index,view,view_search_results,"Mac Desktop",393582
paik5ed4hi,show,,,"Mac Desktop",70
paik5ed4hi,personalize,data,wishlist_content_update,"Mac Desktop",1964
paik5ed4hi,show,view,p3,"Mac Desktop",18393
paik5ed4hi,lookup,,,"Mac Desktop",937
paik5ed4hi,search_results,click,view_search_results,"Mac Desktop",56500
paik5ed4hi,lookup,,,"Mac Desktop",1114
paik5ed4hi,search_results,click,view_search_results,"Mac Desktop",3300
paik5ed4hi,personalize,data,wishlist_content_update,"Mac Desktop",7
paik5ed4hi,lookup,,,"Mac Desktop",2132
paik5ed4hi,index,view,view_search_results,"Mac Desktop",149630
paik5ed4hi,hosting_social_proof,,,"Mac Desktop",1934
vmpxmoqzc5,index,,,"Windows Desktop",796
vmpxmoqzc5,populate_help_dropdown,,,"Windows Desktop",201262
vmpxmoqzc5,authenticate,submit,login,"Windows Desktop",NULL
vmpxmoqzc5,glob,,,"Windows Desktop",351
vmpxmoqzc5,header_userpic,data,header_userpic,"Windows Desktop",789
vmpxmoqzc5,tell_a_friend,,,"Windows Desktop",405489
65p0ayjk31,confirm_email,click,confirm_email_link,"Mac Desktop",142798
65p0ayjk31,dashboard,view,dashboard,"Mac Desktop",566
65p0ayjk31,show,,,"Mac Desktop",92
65p0ayjk31,personalize,data,wishlist_content_update,"Mac Desktop",1098
65p0ayjk31,show,view,p3,"Mac Desktop",52811
65p0ayjk31,edit,view,edit_profile,"Mac Desktop",5466
65p0ayjk31,hosting_social_proof,,,"Mac Desktop",59
65p0ayjk31,header_userpic,data,header_userpic,"Mac Desktop",879
65p0ayjk31,create,submit,create_user,"Mac Desktop",NULL
65p0ayjk31,other_hosting_reviews_first,,,"Mac Desktop",33
65p0ayjk31,similar_listings,data,similar_listings,"Mac Desktop",955
po0a3zzndq,show,,,"Windows Desktop",1
po0a3zzndq,search_results,click,view_search_results,"Windows Desktop",11625
po0a3zzndq,lookup,,,"Windows Desktop",1042
po0a3zzndq,lookup,,,"Windows Desktop",982
po0a3zzndq,search_results,click,view_search_results,"Windows Desktop",37755
po0a3zzndq,lookup,,,"Windows Desktop",1004
po0a3zzndq,show,view,p3,"Windows Desktop",10325
po0a3zzndq,personalize,data,wishlist_content_update,"Windows Desktop",1487
po0a3zzndq,show,,,"Windows Desktop",45
po0a3zzndq,similar_listings,data,similar_listings,"Windows Desktop",809
po0a3zzndq,ajax_refresh_subtotal,click,change_trip_characteristics,"Windows Desktop",13
po0a3zzndq,index,view,view_search_results,"Windows Desktop",205869
po0a3zzndq,show,view,p3,"Windows Desktop",8165
po0a3zzndq,personalize,data,wishlist_content_update,"Windows Desktop",1537
po0a3zzndq,show,,,"Windows Desktop",114
po0a3zzndq,ajax_refresh_subtotal,click,change_trip_characteristics,"Windows Desktop",832
po0a3zzndq,index,view,view_search_results,"Windows Desktop",323
po0a3zzndq,personalize,data,wishlist_content_update,"Windows Desktop",1183
po0a3zzndq,personalize,data,wishlist_content_update,"Windows Desktop",1575
po0a3zzndq,lookup,,,"Windows Desktop",3
po0a3zzndq,show,view,p3,"Windows Desktop",15866
po0a3zzndq,personalize,data,wishlist_content_update,"Windows Desktop",1136
po0a3zzndq,show,,,"Windows Desktop",175
po0a3zzndq,ajax_refresh_subtotal,click,change_trip_characteristics,"Windows Desktop",1028
po0a3zzndq,index,view,view_search_results,"Windows Desktop",115510
po0a3zzndq,lookup,,,"Windows Desktop",1477
po0a3zzndq,personalize,data,wishlist_content_update,"Windows Desktop",6
po0a3zzndq,show,view,p3,"Windows Desktop",18267
po0a3zzndq,personalize,data,wishlist_content_update,"Windows Desktop",1054
po0a3zzndq,show,,,"Windows Desktop",151
po0a3zzndq,lookup,,,"Windows Desktop",74
po0a3zzndq,search_results,click,view_search_results,"Windows Desktop",6008
po0a3zzndq,ajax_refresh_subtotal,click,change_trip_characteristics,"Windows Desktop",1256
po0a3zzndq,lookup,,,"Windows Desktop",983
po0a3zzndq,search_results,click,view_search_results,"Windows Desktop",11674
po0a3zzndq,lookup,,,"Windows Desktop",799
po0a3zzndq,show,view,p3,"Windows Desktop",15482
po0a3zzndq,personalize,data,wishlist_content_update,"Windows Desktop",1110
po0a3zzndq,show,,,"Windows Desktop",92
po0a3zzndq,ajax_refresh_subtotal,click,change_trip_characteristics,"Windows Desktop",541
po0a3zzndq,index,view,view_search_results,"Windows Desktop",8152
po0a3zzndq,personalize,data,wishlist_content_update,"Windows Desktop",1236
po0a3zzndq,lookup,,,"Windows Desktop",13
po0a3zzndq,personalize,data,wishlist_content_update,"Windows Desktop",1596
po0a3zzndq,lookup,,,"Windows Desktop",226
po0a3zzndq,search_results,click,view_search_results,"Windows Desktop",5755
po0a3zzndq,lookup,,,"Windows Desktop",941
po0a3zzndq,show,view,p3,"Windows Desktop",9037
po0a3zzndq,personalize,data,wishlist_content_update,"Windows Desktop",1079
po0a3zzndq,show,,,"Windows Desktop",84
po0a3zzndq,similar_listings,data,similar_listings,"Windows Desktop",66
po0a3zzndq,similar_listings,data,similar_listings,"Windows Desktop",667
po0a3zzndq,ajax_refresh_subtotal,click,change_trip_characteristics,"Windows Desktop",350
po0a3zzndq,index,view,view_search_results,"Windows Desktop",56335
po0a3zzndq,personalize,data,wishlist_content_update,"Windows Desktop",1399
po0a3zzndq,lookup,,,"Windows Desktop",8
po0a3zzndq,index,view,view_search_results,"Windows Desktop",34765
po0a3zzndq,personalize,data,wishlist_content_update,"Windows Desktop",1726
po0a3zzndq,lookup,,,"Windows Desktop",25
po0a3zzndq,index,view,view_search_results,"Windows Desktop",3804
po0a3zzndq,personalize,data,wishlist_content_update,"Windows Desktop",1292
po0a3zzndq,lookup,,,"Windows Desktop",238
po0a3zzndq,index,view,view_search_results,"Windows Desktop",2773
po0a3zzndq,lookup,,,"Windows Desktop",1295
po0a3zzndq,personalize,data,wishlist_content_update,"Windows Desktop",11
po0a3zzndq,authenticate,submit,login,"Windows Desktop",NULL
po0a3zzndq,facebook_auto_login,,,"Windows Desktop",3492
po0a3zzndq,header_userpic,data,header_userpic,"Windows Desktop",293
po0a3zzndq,show,view,p3,"Windows Desktop",51658
po0a3zzndq,lookup,,,"Windows Desktop",1225
po0a3zzndq,search_results,click,view_search_results,"Windows Desktop",3978
po0a3zzndq,lookup,,,"Windows Desktop",347
po0a3zzndq,personalize,data,wishlist_content_update,"Windows Desktop",1505
po0a3zzndq,index,view,view_search_results,"Windows Desktop",30179
po0a3zzndq,similar_listings,data,similar_listings,"Windows Desktop",1
po0a3zzndq,ajax_refresh_subtotal,click,change_trip_characteristics,"Windows Desktop",1241
po0a3zzndq,my,view,user_wishlists,"Windows Desktop",26718
po0a3zzndq,index,view,user_wishlists,"Windows Desktop",669
po0a3zzndq,index,view,view_search_results,"Windows Desktop",2300
po0a3zzndq,personalize,data,wishlist_content_update,"Windows Desktop",1595
po0a3zzndq,lookup,,,"Windows Desktop",56
po0a3zzndq,ajax_refresh_subtotal,click,change_trip_characteristics,"Windows Desktop",721
po0a3zzndq,show,,,"Windows Desktop",131
po0a3zzndq,personalize,data,wishlist_content_update,"Windows Desktop",1234
po0a3zzndq,show,view,p3,"Windows Desktop",24325
po0a3zzndq,lookup,,,"Windows Desktop",1562
po0a3zzndq,search_results,click,view_search_results,"Windows Desktop",42248
po0a3zzndq,lookup,,,"Windows Desktop",1271
po0a3zzndq,personalize,data,wishlist_content_update,"Windows Desktop",1121
po0a3zzndq,lookup,,,"Windows Desktop",31
po0a3zzndq,search_results,click,view_search_results,"Windows Desktop",7536
po0a3zzndq,lookup,,,"Windows Desktop",1495
po0a3zzndq,index,view,view_search_results,"Windows Desktop",13075
po0a3zzndq,personalize,data,wishlist_content_update,"Windows Desktop",1329
po0a3zzndq,lookup,,,"Windows Desktop",3
po0a3zzndq,search_results,click,view_search_results,"Windows Desktop",5887
po0a3zzndq,lookup,,,"Windows Desktop",758
po0a3zzndq,search_results,click,view_search_results,"Windows Desktop",13655
po0a3zzndq,lookup,,,"Windows Desktop",1021
po0a3zzndq,search_results,click,view_search_results,"Windows Desktop",10424
po0a3zzndq,lookup,,,"Windows Desktop",1151
po0a3zzndq,search_results,click,view_search_results,"Windows Desktop",29480
po0a3zzndq,lookup,,,"Windows Desktop",1080
po0a3zzndq,show,view,p3,"Windows Desktop",9059
po0a3zzndq,personalize,data,wishlist_content_update,"Windows Desktop",1194
po0a3zzndq,index,view,view_search_results,"Windows Desktop",1970
po0a3zzndq,personalize,data,wishlist_content_update,"Windows Desktop",1257
po0a3zzndq,lookup,,,"Windows Desktop",28
po0a3zzndq,index,view,view_search_results,"Windows Desktop",14842
po0a3zzndq,personalize,data,wishlist_content_update,"Windows Desktop",1548
po0a3zzndq,show,,,"Windows Desktop",261
po0a3zzndq,personalize,data,wishlist_content_update,"Windows Desktop",1268
po0a3zzndq,index,view,view_search_results,"Windows Desktop",2032
po0a3zzndq,ajax_refresh_subtotal,click,change_trip_characteristics,"Windows Desktop",704
po0a3zzndq,show,,,"Windows Desktop",22
po0a3zzndq,personalize,data,wishlist_content_update,"Windows Desktop",1080
po0a3zzndq,show,view,p3,"Windows Desktop",10038
po0a3zzndq,lookup,,,"Windows Desktop",1044
po0a3zzndq,search_results,click,view_search_results,"Windows Desktop",10979
po0a3zzndq,lookup,,,"Windows Desktop",157
po0a3zzndq,personalize,data,wishlist_content_update,"Windows Desktop",1988
po0a3zzndq,index,view,view_search_results,"Windows Desktop",70941
po0a3zzndq,ajax_refresh_subtotal,click,change_trip_characteristics,"Windows Desktop",31
po0a3zzndq,similar_listings,data,similar_listings,"Windows Desktop",523
po0a3zzndq,show,,,"Windows Desktop",82
po0a3zzndq,personalize,data,wishlist_content_update,"Windows Desktop",1087
po0a3zzndq,show,view,p3,"Windows Desktop",8313
po0a3zzndq,personalize,data,wishlist_content_update,"Windows Desktop",12
po0a3zzndq,other_hosting_reviews_first,,,"Windows Desktop",108
po0a3zzndq,personalize,data,wishlist_content_update,"Windows Desktop",1813
po0a3zzndq,show,view,p3,"Windows Desktop",20418
po0a3zzndq,lookup,,,"Windows Desktop",25
po0a3zzndq,personalize,data,wishlist_content_update,"Windows Desktop",1439
po0a3zzndq,index,view,view_search_results,"Windows Desktop",25127
po0a3zzndq,lookup,,,"Windows Desktop",1341
po0a3zzndq,index,view,view_search_results,"Windows Desktop",52956
po0a3zzndq,similar_listings,data,similar_listings,"Windows Desktop",10
po0a3zzndq,ajax_refresh_subtotal,click,change_trip_characteristics,"Windows Desktop",598
po0a3zzndq,show,,,"Windows Desktop",92
po0a3zzndq,personalize,data,wishlist_content_update,"Windows Desktop",1038
po0a3zzndq,show,view,p3,"Windows Desktop",6914
po0a3zzndq,lookup,,,"Windows Desktop",1047
po0a3zzndq,search_results,click,view_search_results,"Windows Desktop",24709
po0a3zzndq,lookup,,,"Windows Desktop",40
po0a3zzndq,personalize,data,wishlist_content_update,"Windows Desktop",1619
po0a3zzndq,index,view,view_search_results,"Windows Desktop",2398
po0a3zzndq,ajax_refresh_subtotal,click,change_trip_characteristics,"Windows Desktop",921
po0a3zzndq,other_hosting_reviews_first,,,"Windows Desktop",34
po0a3zzndq,show,,,"Windows Desktop",49
po0a3zzndq,personalize,data,wishlist_content_update,"Windows Desktop",1086
po0a3zzndq,show,view,p3,"Windows Desktop",14881
po0a3zzndq,lookup,,,"Windows Desktop",1169
po0a3zzndq,search_results,click,view_search_results,"Windows Desktop",12903
po0a3zzndq,personalize,data,wishlist_content_update,"Windows Desktop",119
po0a3zzndq,lookup,,,"Windows Desktop",1307
po0a3zzndq,index,view,view_search_results,"Windows Desktop",5560
po0a3zzndq,ajax_refresh_subtotal,click,change_trip_characteristics,"Windows Desktop",593
po0a3zzndq,show,,,"Windows Desktop",62
po0a3zzndq,personalize,data,wishlist_content_update,"Windows Desktop",938
po0a3zzndq,show,view,p3,"Windows Desktop",5383
po0a3zzndq,update,,,"Windows Desktop",12669
po0a3zzndq,ajax_refresh_subtotal,click,change_trip_characteristics,"Windows Desktop",9535
po0a3zzndq,similar_listings,data,similar_listings,"Windows Desktop",130
po0a3zzndq,ajax_refresh_subtotal,click,change_trip_characteristics,"Windows Desktop",169844
po0a3zzndq,ajax_refresh_subtotal,click,change_trip_characteristics,"Windows Desktop",25
po0a3zzndq,similar_listings,data,similar_listings,"Windows Desktop",917
po0a3zzndq,show,,,"Windows Desktop",99
po0a3zzndq,personalize,data,wishlist_content_update,"Windows Desktop",1193
po0a3zzndq,show,view,p3,"Windows Desktop",14506
po0a3zzndq,lookup,,,"Windows Desktop",16
po0a3zzndq,personalize,data,wishlist_content_update,"Windows Desktop",1310
po0a3zzndq,index,view,view_search_results,"Windows Desktop",33071
po0a3zzndq,ajax_refresh_subtotal,click,change_trip_characteristics,"Windows Desktop",49
po0a3zzndq,similar_listings,data,similar_listings,"Windows Desktop",558
po0a3zzndq,show,,,"Windows Desktop",149
po0a3zzndq,personalize,data,wishlist_content_update,"Windows Desktop",1080
po0a3zzndq,show,view,p3,"Windows Desktop",14496
po0a3zzndq,show,,,"Windows Desktop",46
po0a3zzndq,ajax_refresh_subtotal,click,change_trip_characteristics,"Windows Desktop",794
po0a3zzndq,index,view,view_search_results,"Windows Desktop",31778
po0a3zzndq,personalize,data,wishlist_content_update,"Windows Desktop",1242
po0a3zzndq,lookup,,,"Windows Desktop",935
po0a3zzndq,search_results,click,view_search_results,"Windows Desktop",17687
po0a3zzndq,lookup,,,"Windows Desktop",1
po0a3zzndq,ajax_refresh_subtotal,click,change_trip_characteristics,"Windows Desktop",132
po0a3zzndq,similar_listings,data,similar_listings,"Windows Desktop",716
po0a3zzndq,show,,,"Windows Desktop",57
po0a3zzndq,personalize,data,wishlist_content_update,"Windows Desktop",1845
po0a3zzndq,show,view,p3,"Windows Desktop",13803
po0a3zzndq,lookup,,,"Windows Desktop",25
po0a3zzndq,personalize,data,wishlist_content_update,"Windows Desktop",1441
po0a3zzndq,index,view,view_search_results,"Windows Desktop",2059
po0a3zzndq,open_graph_setting,,,"Windows Desktop",4671
po0a3zzndq,update,,,"Windows Desktop",12820
po0a3zzndq,ajax_refresh_subtotal,click,change_trip_characteristics,"Windows Desktop",499
po0a3zzndq,other_hosting_reviews_first,,,"Windows Desktop",59
po0a3zzndq,show,,,"Windows Desktop",11
po0a3zzndq,personalize,data,wishlist_content_update,"Windows Desktop",1185
po0a3zzndq,show,view,p3,"Windows Desktop",2709
po0a3zzndq,lookup,,,"Windows Desktop",14
po0a3zzndq,personalize,data,wishlist_content_update,"Windows Desktop",3014
po0a3zzndq,index,view,view_search_results,"Windows Desktop",4608
po0a3zzndq,personalize,data,wishlist_content_update,"Windows Desktop",173
po0a3zzndq,track_page_view,,,"Windows Desktop",20
po0a3zzndq,track_page_view,,,"Windows Desktop",2033
po0a3zzndq,search_results,click,view_search_results,"Windows Desktop",5075
po0a3zzndq,lookup,,,"Windows Desktop",42
po0a3zzndq,personalize,data,wishlist_content_update,"Windows Desktop",1276
po0a3zzndq,index,view,view_search_results,"Windows Desktop",843
po0a3zzndq,ajax_refresh_subtotal,click,change_trip_characteristics,"Windows Desktop",2577
po0a3zzndq,similar_listings,data,similar_listings,"Windows Desktop",51
po0a3zzndq,ajax_refresh_subtotal,click,change_trip_characteristics,"Windows Desktop",296744
po0a3zzndq,similar_listings,data,similar_listings,"Windows Desktop",543
po0a3zzndq,show,,,"Windows Desktop",38
po0a3zzndq,personalize,data,wishlist_content_update,"Windows Desktop",1010
po0a3zzndq,show,view,p3,"Windows Desktop",9512
po0a3zzndq,listings,,,"Windows Desktop",306
po0a3zzndq,track_page_view,,,"Windows Desktop",35
po0a3zzndq,track_page_view,,,"Windows Desktop",3915
po0a3zzndq,personalize,data,wishlist_content_update,"Windows Desktop",161
po0a3zzndq,track_page_view,,,"Windows Desktop",23
po0a3zzndq,track_page_view,,,"Windows Desktop",1195
po0a3zzndq,index,view,user_wishlists,"Windows Desktop",1231
po0a3zzndq,similar_listings,data,similar_listings,"Windows Desktop",73
po0a3zzndq,my,view,user_wishlists,"Windows Desktop",25226
po0a3zzndq,lookup,,,"Windows Desktop",753
po0a3zzndq,search_results,click,view_search_results,"Windows Desktop",30187
po0a3zzndq,lookup,,,"Windows Desktop",27
po0a3zzndq,search_results,click,view_search_results,"Windows Desktop",7509
po0a3zzndq,lookup,,,"Windows Desktop",1012
po0a3zzndq,show,view,p3,"Windows Desktop",7835
po0a3zzndq,show,,,"Windows Desktop",1893
po0a3zzndq,personalize,data,wishlist_content_update,"Windows Desktop",158
po0a3zzndq,similar_listings,data,similar_listings,"Windows Desktop",1003
po0a3zzndq,ajax_refresh_subtotal,click,change_trip_characteristics,"Windows Desktop",44
po0a3zzndq,index,view,view_search_results,"Windows Desktop",17260
po0a3zzndq,personalize,data,wishlist_content_update,"Windows Desktop",1207
po0a3zzndq,lookup,,,"Windows Desktop",27
po0a3zzndq,search_results,click,view_search_results,"Windows Desktop",5260
po0a3zzndq,lookup,,,"Windows Desktop",1596
po0a3zzndq,show,,,"Windows Desktop",73
po0a3zzndq,similar_listings,data,similar_listings,"Windows Desktop",731
po0a3zzndq,ajax_refresh_subtotal,click,change_trip_characteristics,"Windows Desktop",37
po0a3zzndq,index,view,view_search_results,"Windows Desktop",1980
po0a3zzndq,personalize,data,wishlist_content_update,"Windows Desktop",1358
po0a3zzndq,lookup,,,"Windows Desktop",62
po0a3zzndq,show,view,p3,"Windows Desktop",12994
po0a3zzndq,personalize,data,wishlist_content_update,"Windows Desktop",1544
po0a3zzndq,show,,,"Windows Desktop",1
po0a3zzndq,similar_listings,data,similar_listings,"Windows Desktop",597
po0a3zzndq,ajax_refresh_subtotal,click,change_trip_characteristics,"Windows Desktop",21
po0a3zzndq,index,view,view_search_results,"Windows Desktop",69962
po0a3zzndq,lookup,,,"Windows Desktop",1643
po0a3zzndq,personalize,data,wishlist_content_update,"Windows Desktop",200
po0a3zzndq,search_results,click,view_search_results,"Windows Desktop",5566
po0a3zzndq,lookup,,,"Windows Desktop",1266
po0a3zzndq,search_results,click,view_search_results,"Windows Desktop",54682
po0a3zzndq,lookup,,,"Windows Desktop",1751
po0a3zzndq,show,view,p3,"Windows Desktop",34972
po0a3zzndq,personalize,data,wishlist_content_update,"Windows Desktop",1122
po0a3zzndq,show,,,"Windows Desktop",78
po0a3zzndq,other_hosting_reviews_first,,,"Windows Desktop",105
po0a3zzndq,ajax_refresh_subtotal,click,change_trip_characteristics,"Windows Desktop",988
po0a3zzndq,similar_listings,data,similar_listings,"Windows Desktop",0
po0a3zzndq,index,view,view_search_results,"Windows Desktop",65884
po0a3zzndq,personalize,data,wishlist_content_update,"Windows Desktop",1478
po0a3zzndq,lookup,,,"Windows Desktop",28
po0a3zzndq,show,view,p3,"Windows Desktop",14586
po0a3zzndq,personalize,data,wishlist_content_update,"Windows Desktop",1668
po0a3zzndq,show,,,"Windows Desktop",58
po0a3zzndq,other_hosting_reviews_first,,,"Windows Desktop",90
po0a3zzndq,ajax_refresh_subtotal,click,change_trip_characteristics,"Windows Desktop",421
po0a3zzndq,similar_listings,data,similar_listings,"Windows Desktop",25
po0a3zzndq,index,view,view_search_results,"Windows Desktop",2189
po0a3zzndq,personalize,data,wishlist_content_update,"Windows Desktop",1372
po0a3zzndq,lookup,,,"Windows Desktop",68
po0a3zzndq,show,view,p3,"Windows Desktop",11101
po0a3zzndq,personalize,data,wishlist_content_update,"Windows Desktop",1810
po0a3zzndq,show,,,"Windows Desktop",36
po0a3zzndq,ajax_refresh_subtotal,click,change_trip_characteristics,"Windows Desktop",1319
po0a3zzndq,similar_listings,data,similar_listings,"Windows Desktop",55
po0a3zzndq,index,view,view_search_results,"Windows Desktop",5612
po0a3zzndq,personalize,data,wishlist_content_update,"Windows Desktop",1309
po0a3zzndq,lookup,,,"Windows Desktop",27
po0a3zzndq,search_results,click,view_search_results,"Windows Desktop",3941
po0a3zzndq,show,view,p3,"Windows Desktop",10028
po0a3zzndq,personalize,data,wishlist_content_update,"Windows Desktop",1140
po0a3zzndq,show,,,"Windows Desktop",11
po0a3zzndq,other_hosting_reviews_first,,,"Windows Desktop",124
po0a3zzndq,ajax_refresh_subtotal,click,change_trip_characteristics,"Windows Desktop",879
po0a3zzndq,index,view,view_search_results,"Windows Desktop",5685
po0a3zzndq,lookup,,,"Windows Desktop",1586
po0a3zzndq,personalize,data,wishlist_content_update,"Windows Desktop",162
po0a3zzndq,search_results,click,view_search_results,"Windows Desktop",8479
po0a3zzndq,lookup,,,"Windows Desktop",1035
po0a3zzndq,search_results,click,view_search_results,"Windows Desktop",7464
po0a3zzndq,lookup,,,"Windows Desktop",1110
po0a3zzndq,index,view,view_search_results,"Windows Desktop",231584
po0a3zzndq,ajax_refresh_subtotal,click,change_trip_characteristics,"Windows Desktop",21
po0a3zzndq,similar_listings,data,similar_listings,"Windows Desktop",624
po0a3zzndq,personalize,data,wishlist_content_update,"Windows Desktop",1049
po0a3zzndq,show,view,p3,"Windows Desktop",27086
po0a3zzndq,lookup,,,"Windows Desktop",991
po0a3zzndq,search_results,click,view_search_results,"Windows Desktop",25545
po0a3zzndq,lookup,,,"Windows Desktop",52
po0a3zzndq,personalize,data,wishlist_content_update,"Windows Desktop",1280
po0a3zzndq,index,view,view_search_results,"Windows Desktop",3045
mnq1f9ftym,header_userpic,data,header_userpic,"Mac Desktop",556
mnq1f9ftym,create,submit,create_user,"Mac Desktop",NULL
mnq1f9ftym,ajax_refresh_subtotal,click,change_trip_characteristics,"Mac Desktop",1182
mnq1f9ftym,index,view,view_search_results,"Mac Desktop",47333
mnq1f9ftym,similar_listings,data,similar_listings,"Mac Desktop",128
mnq1f9ftym,ajax_refresh_subtotal,click,change_trip_characteristics,"Mac Desktop",836
mnq1f9ftym,show,,,"Mac Desktop",114
mnq1f9ftym,personalize,data,wishlist_content_update,"Mac Desktop",2415
mnq1f9ftym,show,view,p3,"Mac Desktop",8917
mnq1f9ftym,lookup,,,"Mac Desktop",878
mnq1f9ftym,search_results,click,view_search_results,"Mac Desktop",14500
mnq1f9ftym,lookup,,,"Mac Desktop",864
mnq1f9ftym,search_results,click,view_search_results,"Mac Desktop",14444
mnq1f9ftym,lookup,,,"Mac Desktop",522
mnq1f9ftym,search_results,click,view_search_results,"Mac Desktop",12785
mnq1f9ftym,lookup,,,"Mac Desktop",586
mnq1f9ftym,search_results,click,view_search_results,"Mac Desktop",686
mnq1f9ftym,search_results,click,view_search_results,"Mac Desktop",5141
mnq1f9ftym,personalize,data,wishlist_content_update,"Mac Desktop",73
mnq1f9ftym,lookup,,,"Mac Desktop",1972
mnq1f9ftym,index,view,view_search_results,"Mac Desktop",75276
mnq1f9ftym,similar_listings,data,similar_listings,"Mac Desktop",200
mnq1f9ftym,ajax_refresh_subtotal,click,change_trip_characteristics,"Mac Desktop",1100
mnq1f9ftym,similar_listings,data,similar_listings,"Mac Desktop",336
mnq1f9ftym,similar_listings,data,similar_listings,"Mac Desktop",101
mnq1f9ftym,ajax_refresh_subtotal,click,change_trip_characteristics,"Mac Desktop",100564
mnq1f9ftym,personalize,data,wishlist_content_update,"Mac Desktop",150
mnq1f9ftym,show,,,"Mac Desktop",2129
mnq1f9ftym,show,view,p3,"Mac Desktop",159192
mnq1f9ftym,this_hosting_reviews,click,listing_reviews_page,"Mac Desktop",47406
mnq1f9ftym,this_hosting_reviews,click,listing_reviews_page,"Mac Desktop",36870
mnq1f9ftym,show,,,"Mac Desktop",61
mnq1f9ftym,personalize,data,wishlist_content_update,"Mac Desktop",1945
mnq1f9ftym,show,view,p3,"Mac Desktop",62677
mnq1f9ftym,faq_category,,,,40645
mnq1f9ftym,show,,,,108
mnq1f9ftym,multi,,,,18
mnq1f9ftym,faq_experiment_ids,,,,140
mnq1f9ftym,active,,,,138163
mnq1f9ftym,similar_listings,data,similar_listings,"Mac Desktop",150
mnq1f9ftym,ajax_refresh_subtotal,click,change_trip_characteristics,"Mac Desktop",17933
mnq1f9ftym,ajax_refresh_subtotal,click,change_trip_characteristics,"Mac Desktop",2072
mnq1f9ftym,create,submit,create_phone_numbers,"Mac Desktop",150418
mnq1f9ftym,create,submit,create_phone_numbers,"Mac Desktop",403760
mnq1f9ftym,verify,,,"Mac Desktop",25492
mnq1f9ftym,pending,booking_request,pending,"Mac Desktop",43451
mnq1f9ftym,requested,view,p5,"Mac Desktop",1058
mnq1f9ftym,,message_post,message_post,"Mac Desktop",100942
mnq1f9ftym,requested,submit,post_checkout_action,"Mac Desktop",804
mnq1f9ftym,requested,view,p5,"Mac Desktop",1379
mnq1f9ftym,requested,view,p5,"Mac Desktop",8760
mnq1f9ftym,populate_from_facebook,,,"Mac Desktop",22810
mnq1f9ftym,requested,submit,post_checkout_action,"Mac Desktop",1237
mnq1f9ftym,requested,view,p5,"Mac Desktop",1645
mnq1f9ftym,requested,submit,post_checkout_action,"Mac Desktop",43763
mnq1f9ftym,requested,view,p5,"Mac Desktop",1206
mnq1f9ftym,new,view,list_your_space,"Mac Desktop",8137
mnq1f9ftym,create,view,list_your_space,"Mac Desktop",13776
mnq1f9ftym,set_user,submit,create_listing,"Mac Desktop",1478
mnq1f9ftym,manage_listing,view,manage_listing,"Mac Desktop",2412
mnq1f9ftym,index,view,view_search_results,"Mac Desktop",29830
mnq1f9ftym,personalize,data,wishlist_content_update,"Mac Desktop",1702
mnq1f9ftym,lookup,,,"Mac Desktop",63
mnq1f9ftym,ajax_refresh_subtotal,click,change_trip_characteristics,"Mac Desktop",3458
mnq1f9ftym,ajax_refresh_subtotal,click,change_trip_characteristics,"Mac Desktop",191
mnq1f9ftym,similar_listings,data,similar_listings,"Mac Desktop",8198
mnq1f9ftym,similar_listings,data,similar_listings,"Mac Desktop",17
mnq1f9ftym,ajax_refresh_subtotal,click,change_trip_characteristics,"Mac Desktop",10477
mnq1f9ftym,personalize,data,wishlist_content_update,"Mac Desktop",2
mnq1f9ftym,show,,,"Mac Desktop",226
mnq1f9ftym,header_userpic,data,header_userpic,"Mac Desktop",1338
mnq1f9ftym,show,view,p3,"Mac Desktop",46243
mnq1f9ftym,concierge,,,"Mac Desktop",166172
mnq1f9ftym,this_hosting_reviews,click,listing_reviews_page,"Mac Desktop",23264
m6ywf77lnm,ajax_refresh_subtotal,click,change_trip_characteristics,"Windows Desktop",1071
m6ywf77lnm,header_userpic,data,header_userpic,"Windows Desktop",980
m6ywf77lnm,personalize,data,wishlist_content_update,"Windows Desktop",38
m6ywf77lnm,update,,,"Windows Desktop",11033
m6ywf77lnm,search_results,click,view_search_results,"Windows Desktop",14326
m6ywf77lnm,lookup,,,"Windows Desktop",769
m6ywf77lnm,search_results,click,view_search_results,"Windows Desktop",7673
m6ywf77lnm,lookup,,,"Windows Desktop",1129
m6ywf77lnm,search_results,click,view_search_results,"Windows Desktop",9587
m6ywf77lnm,search_results,click,view_search_results,"Windows Desktop",1254
m6ywf77lnm,lookup,,,"Windows Desktop",1312
m6ywf77lnm,search_results,click,view_search_results,"Windows Desktop",17534
m6ywf77lnm,lookup,,,"Windows Desktop",880
m6ywf77lnm,search_results,click,view_search_results,"Windows Desktop",5439
m6ywf77lnm,search_results,click,view_search_results,"Windows Desktop",1145
m6ywf77lnm,search_results,click,view_search_results,"Windows Desktop",868
m6ywf77lnm,lookup,,,"Windows Desktop",1399
m6ywf77lnm,search_results,click,view_search_results,"Windows Desktop",1446
m6ywf77lnm,search_results,click,view_search_results,"Windows Desktop",1297
m6ywf77lnm,lookup,,,"Windows Desktop",993
m6ywf77lnm,show,view,p3,"Windows Desktop",11799
m6ywf77lnm,personalize,data,wishlist_content_update,"Windows Desktop",2620
m6ywf77lnm,show,,,"Windows Desktop",331
m6ywf77lnm,similar_listings,data,similar_listings,"Windows Desktop",1527
m6ywf77lnm,ajax_refresh_subtotal,click,change_trip_characteristics,"Windows Desktop",739
m6ywf77lnm,index,view,view_search_results,"Windows Desktop",7587
m6ywf77lnm,show,view,p3,"Windows Desktop",12252
m6ywf77lnm,show,,,"Windows Desktop",1910
m6ywf77lnm,other_hosting_reviews_first,,,"Windows Desktop",82
m6ywf77lnm,similar_listings,data,similar_listings,"Windows Desktop",682
m6ywf77lnm,personalize,data,wishlist_content_update,"Windows Desktop",20
m6ywf77lnm,ajax_refresh_subtotal,click,change_trip_characteristics,"Windows Desktop",723
m6ywf77lnm,search_results,click,view_search_results,"Windows Desktop",7218
m6ywf77lnm,lookup,,,"Windows Desktop",714
m6ywf77lnm,search_results,click,view_search_results,"Windows Desktop",3479
m6ywf77lnm,search_results,click,view_search_results,"Windows Desktop",1350
m6ywf77lnm,lookup,,,"Windows Desktop",689
m6ywf77lnm,show,view,p3,"Windows Desktop",4528
m6ywf77lnm,personalize,data,wishlist_content_update,"Windows Desktop",2375
m6ywf77lnm,show,,,"Windows Desktop",304
m6ywf77lnm,similar_listings,data,similar_listings,"Windows Desktop",147
m6ywf77lnm,index,view,view_search_results,"Windows Desktop",2332
m6ywf77lnm,search_results,click,view_search_results,"Windows Desktop",31032
m6ywf77lnm,lookup,,,"Windows Desktop",630
m6ywf77lnm,search_results,click,view_search_results,"Windows Desktop",4309
m6ywf77lnm,lookup,,,"Windows Desktop",1471
m6ywf77lnm,search_results,click,view_search_results,"Windows Desktop",3219
m6ywf77lnm,search_results,click,view_search_results,"Windows Desktop",1454
m6ywf77lnm,search_results,click,view_search_results,"Windows Desktop",689
m6ywf77lnm,lookup,,,"Windows Desktop",1373
m6ywf77lnm,search_results,click,view_search_results,"Windows Desktop",308
m6ywf77lnm,lookup,,,"Windows Desktop",1384
m6ywf77lnm,search_results,click,view_search_results,"Windows Desktop",1737
m6ywf77lnm,lookup,,,"Windows Desktop",644
m6ywf77lnm,search_results,click,view_search_results,"Windows Desktop",6792
m6ywf77lnm,search_results,click,view_search_results,"Windows Desktop",833
m6ywf77lnm,search_results,click,view_search_results,"Windows Desktop",1415
m6ywf77lnm,search_results,click,view_search_results,"Windows Desktop",1255
m6ywf77lnm,search_results,click,view_search_results,"Windows Desktop",785
m6ywf77lnm,lookup,,,"Windows Desktop",743
m6ywf77lnm,show,view,p3,"Windows Desktop",20373
m6ywf77lnm,personalize,data,wishlist_content_update,"Windows Desktop",2010
m6ywf77lnm,show,,,"Windows Desktop",122
m6ywf77lnm,ajax_refresh_subtotal,click,change_trip_characteristics,"Windows Desktop",1562
m6ywf77lnm,similar_listings,data,similar_listings,"Windows Desktop",154
m6ywf77lnm,index,view,view_search_results,"Windows Desktop",18497
m6ywf77lnm,search_results,click,view_search_results,"Windows Desktop",8715
m6ywf77lnm,lookup,,,"Windows Desktop",708
m6ywf77lnm,search_results,click,view_search_results,"Windows Desktop",15876
m6ywf77lnm,search_results,click,view_search_results,"Windows Desktop",1299
m6ywf77lnm,lookup,,,"Windows Desktop",757
m6ywf77lnm,show,view,p3,"Windows Desktop",5461
m6ywf77lnm,personalize,data,wishlist_content_update,"Windows Desktop",2172
m6ywf77lnm,show,,,"Windows Desktop",73
m6ywf77lnm,ajax_refresh_subtotal,click,change_trip_characteristics,"Windows Desktop",1482
m6ywf77lnm,similar_listings,data,similar_listings,"Windows Desktop",278
m6ywf77lnm,update,,,"Windows Desktop",74266
m6ywf77lnm,authenticate,submit,login,"Windows Desktop",NULL
l2u4op6zui,travel_plans_current,view,your_trips,"Windows Desktop",43180
l2u4op6zui,edit,view,edit_profile,"Windows Desktop",13000
l2u4op6zui,show,view,p3,"Windows Desktop",92827
l2u4op6zui,personalize,data,wishlist_content_update,"Windows Desktop",1359
l2u4op6zui,show,,,"Windows Desktop",47
l2u4op6zui,ajax_refresh_subtotal,click,change_trip_characteristics,"Windows Desktop",1126
l2u4op6zui,languages_multiselect,,,"Windows Desktop",66924
l2u4op6zui,update,submit,update_user_profile,"Windows Desktop",12843
l2u4op6zui,show,view,user_profile,"Windows Desktop",391
l2u4op6zui,update,submit,update_user_profile,"Windows Desktop",73197
l2u4op6zui,show,view,user_profile,"Windows Desktop",5407
l2u4op6zui,show_personalize,data,user_profile_content_update,"Windows Desktop",3684
l2u4op6zui,edit,view,edit_profile,"Windows Desktop",9976
l2u4op6zui,edit,view,edit_profile,"Windows Desktop",9718
l2u4op6zui,index,,,"Windows Desktop",1717
l2u4op6zui,edit_verification,view,profile_verifications,"Windows Desktop",2831
l2u4op6zui,connect,submit,oauth_login,"Windows Desktop",8819
l2u4op6zui,callback,partner_callback,oauth_response,"Windows Desktop",95020
l2u4op6zui,edit_verification,view,profile_verifications,"Windows Desktop",437
l2u4op6zui,reviews_new,,,"Windows Desktop",12067
l2u4op6zui,references,view,profile_references,"Windows Desktop",3992
l2u4op6zui,show,view,user_profile,"Windows Desktop",17737
l2u4op6zui,show_personalize,data,user_profile_content_update,"Windows Desktop",2483
l2u4op6zui,travel_plans_current,view,your_trips,"Windows Desktop",20528
l2u4op6zui,header_userpic,data,header_userpic,"Windows Desktop",1126
l2u4op6zui,show,view,p3,"Windows Desktop",796
l2u4op6zui,authenticate,view,login_page,"Windows Desktop",NULL
l2u4op6zui,travel_plans_current,view,your_trips,"Windows Desktop",3490
l2u4op6zui,index,view,view_search_results,"Windows Desktop",10848
l2u4op6zui,personalize,data,wishlist_content_update,"Windows Desktop",1651
l2u4op6zui,lookup,,,"Windows Desktop",68
l2u4op6zui,search_results,click,view_search_results,"Windows Desktop",49135
l2u4op6zui,lookup,,,"Windows Desktop",1103
l2u4op6zui,show,view,p3,"Windows Desktop",37656
l2u4op6zui,personalize,data,wishlist_content_update,"Windows Desktop",1455
l2u4op6zui,show,,,"Windows Desktop",95
l2u4op6zui,ajax_refresh_subtotal,click,change_trip_characteristics,"Windows Desktop",1403
l2u4op6zui,complete_status,,,"Windows Desktop",953
l2u4op6zui,verify,,,"Windows Desktop",15973
l2u4op6zui,create,submit,create_phone_numbers,"Windows Desktop",83133
l2u4op6zui,jumio_redirect,,,"Windows Desktop",748401
l2u4op6zui,jumio_token,,,"Windows Desktop",7721
l2u4op6zui,kba,,,"Windows Desktop",56013
l2u4op6zui,jumio_token,,,"Windows Desktop",20309
l2u4op6zui,identity,,,"Windows Desktop",12630
l2u4op6zui,faq,,,,88
l2u4op6zui,multi,,,,351
l2u4op6zui,faq_experiment_ids,,,,607
l2u4op6zui,active,,,,287397
l2u4op6zui,edit_verification,view,profile_verifications,"Windows Desktop",17346
l2u4op6zui,dashboard,view,dashboard,"Windows Desktop",311
l2u4op6zui,similar_listings,data,similar_listings,"Windows Desktop",161
l2u4op6zui,index,view,view_search_results,"Windows Desktop",19415
l2u4op6zui,confirm_email,click,confirm_email_link,"Windows Desktop",17927
l2u4op6zui,show,,,"Windows Desktop",1973
l2u4op6zui,personalize,data,wishlist_content_update,"Windows Desktop",409
l2u4op6zui,social,,,"Windows Desktop",22706
l2u4op6zui,index,view,view_search_results,"Windows Desktop",5367
l2u4op6zui,personalize,data,wishlist_content_update,"Windows Desktop",2204
l2u4op6zui,lookup,,,"Windows Desktop",90
ivpunwj6vs,ajax_refresh_subtotal,click,change_trip_characteristics,"Mac Desktop",1374
ivpunwj6vs,ajax_check_dates,click,change_contact_host_dates,"Mac Desktop",455
ivpunwj6vs,ajax_refresh_subtotal,click,change_trip_characteristics,"Mac Desktop",9644
ivpunwj6vs,ajax_check_dates,click,change_contact_host_dates,"Mac Desktop",53
ivpunwj6vs,,message_post,message_post,"Mac Desktop",127261
ivpunwj6vs,header_userpic,data,header_userpic,"Mac Desktop",842
ivpunwj6vs,ajax_lwlb_contact,click,contact_host,"Mac Desktop",6085
ivpunwj6vs,ajax_refresh_subtotal,click,change_trip_characteristics,"Mac Desktop",1938
ivpunwj6vs,personalize,data,wishlist_content_update,"Mac Desktop",112
ivpunwj6vs,confirm_email,click,confirm_email_link,"Mac Desktop",59581
ivpunwj6vs,show,,,"Mac Desktop",5020
ivpunwj6vs,identity,,,"Mac Desktop",6624
ivpunwj6vs,show,view,p3,"Mac Desktop",35997
ivpunwj6vs,dashboard,view,dashboard,"Mac Desktop",635
ivpunwj6vs,ask_question,submit,contact_host,"Mac Desktop",411
ivpunwj6vs,create,submit,create_user,"Mac Desktop",NULL
3x6bpwv4d5,show,,,,126
3x6bpwv4d5,collections,,,,244
3x6bpwv4d5,show,,,,878
3x6bpwv4d5,search,,,,1090
3x6bpwv4d5,campaigns,,,,49
3x6bpwv4d5,active,,,,105
3x6bpwv4d5,show,,,,60
3x6bpwv4d5,search,,,,480
3x6bpwv4d5,search,,,,20299
3x6bpwv4d5,search,,,,2601
3x6bpwv4d5,search,,,,4870
3x6bpwv4d5,show,,,,5107
3x6bpwv4d5,social_connections,,,,488
3x6bpwv4d5,show,,,,1253
3x6bpwv4d5,index,,,,761
3x6bpwv4d5,collections,,,,1369
3x6bpwv4d5,active,,,,168
3x6bpwv4d5,search,,,,2290
3x6bpwv4d5,index,,,,16761
3x6bpwv4d5,show,,,,411
3x6bpwv4d5,social_connections,,,,64
3x6bpwv4d5,show,,,,1661
3x6bpwv4d5,index,,,,442708
3x6bpwv4d5,campaigns,,,,98
3x6bpwv4d5,active,,,,99
3x6bpwv4d5,collections,,,,52
3x6bpwv4d5,show,,,,704
3x6bpwv4d5,show,,,,1316
3x6bpwv4d5,show,,,,14130
3x6bpwv4d5,active,,,,25251
3x6bpwv4d5,collections,,,,1483
3x6bpwv4d5,search,,,,2914
3x6bpwv4d5,search,,,,1276
3x6bpwv4d5,search,,,,10228
3x6bpwv4d5,search,,,,5713
3x6bpwv4d5,collections,,,,44008
3x6bpwv4d5,active,,,,143
3x6bpwv4d5,show,,,,4098
3x6bpwv4d5,show,,,,1955
3x6bpwv4d5,search,,,,2122
3x6bpwv4d5,show,,,,8280
3x6bpwv4d5,social_connections,,,,468
3x6bpwv4d5,index,,,,1628
3x6bpwv4d5,show,,,,509
3x6bpwv4d5,index,,,,191216
3x6bpwv4d5,active,,,,412
3x6bpwv4d5,show,,,,116
3x6bpwv4d5,collections,,,,465
3x6bpwv4d5,show,,,,504
3x6bpwv4d5,search,,,,2143
3x6bpwv4d5,campaigns,,,,174
3x6bpwv4d5,search,,,,1096
3x6bpwv4d5,search,,,,4584
3x6bpwv4d5,search,,,,6381
3x6bpwv4d5,search,,,,1082
3x6bpwv4d5,index,,,,5355
3x6bpwv4d5,show,,,,254
3x6bpwv4d5,social_connections,,,,1516
3x6bpwv4d5,show,,,,100
3x6bpwv4d5,relationship,,,,71178
3x6bpwv4d5,listings,,,,571
3x6bpwv4d5,social_connections,,,,553
3x6bpwv4d5,show,,,,20406
3x6bpwv4d5,,message_post,message_post,,267378
3x6bpwv4d5,create,,,,305
3x6bpwv4d5,active,,,,6571
3x6bpwv4d5,collections,,,,384
3x6bpwv4d5,show,,,,10687
3x6bpwv4d5,social_connections,,,,924
3x6bpwv4d5,index,,,,516
3x6bpwv4d5,show,,,,285
3x6bpwv4d5,index,,,,311822
3x6bpwv4d5,campaigns,,,,143
3x6bpwv4d5,collections,,,,103
3x6bpwv4d5,show,,,,494
3x6bpwv4d5,active,,,,20
3x6bpwv4d5,show,,,,1443
3x6bpwv4d5,search,,,,3006
3x6bpwv4d5,index,,,,516
3x6bpwv4d5,search,,,,209
3x6bpwv4d5,index,,,,283
3x6bpwv4d5,show,,,,4771
3x6bpwv4d5,show,,,,665
3x6bpwv4d5,search,,,,33006
3x6bpwv4d5,search,,,,1401
3x6bpwv4d5,search,,,,5871
3x6bpwv4d5,show,,,,12498
3x6bpwv4d5,social_connections,,,,552
3x6bpwv4d5,index,,,,771
3x6bpwv4d5,show,,,,201
3x6bpwv4d5,collections,,,,4691
3x6bpwv4d5,active,,,,119
3x6bpwv4d5,search,,,,300
3x6bpwv4d5,index,,,,5519
3x6bpwv4d5,show,,,,231
3x6bpwv4d5,social_connections,,,,1318
3x6bpwv4d5,active,,,,561
3x6bpwv4d5,collections,,,,24
3x6bpwv4d5,search,,,,830
3x6bpwv4d5,search,,,,813
3x6bpwv4d5,index,,,,334
3x6bpwv4d5,show,,,,185
3x6bpwv4d5,show,,,,533
3x6bpwv4d5,show,,,,24008
3x6bpwv4d5,relationship,,,,20542
3x6bpwv4d5,listings,,,,1207
3x6bpwv4d5,listings,,,,1824
3x6bpwv4d5,social_connections,,,,1487
3x6bpwv4d5,,message_post,message_post,,349182
3x6bpwv4d5,create,,,,1048
3x6bpwv4d5,social_connections,,,,3845
3x6bpwv4d5,recommendations,,,,14428
3x6bpwv4d5,social_connections,,,,1704
3x6bpwv4d5,listings,,,,638
3x6bpwv4d5,relationship,,,,29395
3x6bpwv4d5,social_connections,,,,645
3x6bpwv4d5,show,,,,1037
3x6bpwv4d5,show,,,,197
3x6bpwv4d5,index,,,,1141
3x6bpwv4d5,index,,,,12401
3x6bpwv4d5,active,,,,710
3x6bpwv4d5,collections,,,,16850
3x6bpwv4d5,index,,,,2325
3x6bpwv4d5,show,,,,470
3x6bpwv4d5,social_connections,,,,478
3x6bpwv4d5,show,,,,12157
3x6bpwv4d5,search,,,,8630
3x6bpwv4d5,active,,,,2923
3x6bpwv4d5,collections,,,,48824
3x6bpwv4d5,active,,,,1946
3x6bpwv4d5,show,,,,1150
3x6bpwv4d5,index,,,,741
3x6bpwv4d5,social_connections,,,,1664
3x6bpwv4d5,show,,,,3712
3x6bpwv4d5,collections,,,,5082
3x6bpwv4d5,show,,,,2473
3x6bpwv4d5,social_connections,,,,1409
3x6bpwv4d5,show,,,,34992
3x6bpwv4d5,index,,,,173
3x6bpwv4d5,social_connections,,,,332
3x6bpwv4d5,show,,,,3200
3x6bpwv4d5,active,,,,182
3x6bpwv4d5,collections,,,,17878
3x6bpwv4d5,show,,,,41
3x6bpwv4d5,recommendations,,,,2226
3x6bpwv4d5,collections,,,,26003
3x6bpwv4d5,active,,,,145
3x6bpwv4d5,search,,,,5965
3x6bpwv4d5,show,,,,5321
3x6bpwv4d5,social_connections,,,,709
3x6bpwv4d5,index,,,,344
3x6bpwv4d5,relationship,,,,8404
3x6bpwv4d5,listings,,,,352
3x6bpwv4d5,listings,,,,297
3x6bpwv4d5,social_connections,,,,1459
3x6bpwv4d5,relationship,,,,3665
3x6bpwv4d5,listings,,,,858
3x6bpwv4d5,social_connections,,,,39
3x6bpwv4d5,search,,,,8138
3x6bpwv4d5,active,,,,66
3x6bpwv4d5,collections,,,,388
3x6bpwv4d5,show,,,,5964
3x6bpwv4d5,show,,,,934
3x6bpwv4d5,show,,,,23365
3x6bpwv4d5,search,,,,3560
3x6bpwv4d5,show,,,,43642
3x6bpwv4d5,social_connections,,,,615
3x6bpwv4d5,show,,,,1746
3x6bpwv4d5,index,,,,167
3x6bpwv4d5,reviews,,,,63350
3x6bpwv4d5,reviews,,,,5220
3x6bpwv4d5,active,,,,21785
3x6bpwv4d5,collections,,,,347
3x6bpwv4d5,show,,,,6766
3x6bpwv4d5,index,,,,158
3x6bpwv4d5,social_connections,,,,605
3x6bpwv4d5,show,,,,474
3x6bpwv4d5,collections,,,,24671
3x6bpwv4d5,active,,,,192
3x6bpwv4d5,index,,,,6365
3x6bpwv4d5,show,,,,519
3x6bpwv4d5,social_connections,,,,289
3x6bpwv4d5,show,,,,800
3x6bpwv4d5,reviews,,,,50753
3x6bpwv4d5,show,,,,24330
3x6bpwv4d5,search,,,,5086
3x6bpwv4d5,active,,,,150
3x6bpwv4d5,collections,,,,7537
3x6bpwv4d5,unavailabilities,,,,6992
3x6bpwv4d5,show,,,,1047
3x6bpwv4d5,index,,,,326
3x6bpwv4d5,social_connections,,,,1462
3x6bpwv4d5,show,,,,6169
3x6bpwv4d5,update,,,,1730
3x6bpwv4d5,show,,,,1121
3x6bpwv4d5,active,,,,650
3x6bpwv4d5,show,,,,314
3x6bpwv4d5,collections,,,,12225
3x6bpwv4d5,unavailabilities,,,,13095
3x6bpwv4d5,campaigns,,,,561
3x6bpwv4d5,active,,,,489
3x6bpwv4d5,notifications,,,,1081763
3x6bpwv4d5,active,,,,NULL
3x6bpwv4d5,collections,,,,40690
3x6bpwv4d5,active,,,,801
3x6bpwv4d5,show,,,,14408
3x6bpwv4d5,social_connections,,,,633
3x6bpwv4d5,campaigns,,,,963
3x6bpwv4d5,unavailabilities,,,,13643
3x6bpwv4d5,notifications,,,,439
3x6bpwv4d5,index,,,,343
3x6bpwv4d5,show,,,,475
3x6bpwv4d5,active,,,,7067
3x6bpwv4d5,collections,,,,916
3x6bpwv4d5,show,,,,4978
3x6bpwv4d5,social_connections,,,,2629
3x6bpwv4d5,show,,,,589
3x6bpwv4d5,index,,,,909
3x6bpwv4d5,show,,,,1733
3x6bpwv4d5,notifications,,,,170
3x6bpwv4d5,active,,,,49356
3x6bpwv4d5,search,,,,3650
3x6bpwv4d5,collections,,,,1857
3x6bpwv4d5,collections,,,,359158
3x6bpwv4d5,active,,,,45
3x6bpwv4d5,index,,,,8532
3x6bpwv4d5,social_connections,,,,746
3x6bpwv4d5,show,,,,352
3x6bpwv4d5,collections,,,,4524
3x6bpwv4d5,active,,,,122
3x6bpwv4d5,show,,,,601
3x6bpwv4d5,index,,,,760
3x6bpwv4d5,show,,,,319
3x6bpwv4d5,show,,,,514
3x6bpwv4d5,social_connections,,,,332
3x6bpwv4d5,collections,,,,7101
3x6bpwv4d5,active,,,,66
3x6bpwv4d5,show,,,,910
3x6bpwv4d5,collections,,,,61342
3x6bpwv4d5,create,,,,495
3x6bpwv4d5,,message_post,message_post,,132458
3x6bpwv4d5,active,,,,178
3x6bpwv4d5,index,,,,3170
3x6bpwv4d5,show,,,,206
3x6bpwv4d5,show,,,,589
3x6bpwv4d5,social_connections,,,,27
3x6bpwv4d5,collections,,,,799
3x6bpwv4d5,active,,,,87
3x6bpwv4d5,social_connections,,,,859
3x6bpwv4d5,index,,,,18
3x6bpwv4d5,show,,,,72
3x6bpwv4d5,show,,,,24
3x6bpwv4d5,collections,,,,5645
3x6bpwv4d5,active,,,,142
3x6bpwv4d5,index,,,,3554
3x6bpwv4d5,social_connections,,,,159
3x6bpwv4d5,show,,,,118
3x6bpwv4d5,show,,,,142
3x6bpwv4d5,collections,,,,6106
3x6bpwv4d5,active,,,,203
3x6bpwv4d5,show,,,,986
3x6bpwv4d5,show,,,,1076
3x6bpwv4d5,show,,,,489
3x6bpwv4d5,social_connections,,,,589
3x6bpwv4d5,show,,,,624
3x6bpwv4d5,index,,,,19
3x6bpwv4d5,active,,,,2612
3x6bpwv4d5,collections,,,,158
3x6bpwv4d5,index,,,,3401
3x6bpwv4d5,index,,,,77
3x6bpwv4d5,show,,,,4401
3x6bpwv4d5,show,,,,1017
3x6bpwv4d5,index,,,,2663
3x6bpwv4d5,index,,,,53
3x6bpwv4d5,relationship,,,,1961
3x6bpwv4d5,listings,,,,663
3x6bpwv4d5,social_connections,,,,54
3x6bpwv4d5,show,,,,22230
3x6bpwv4d5,index,,,,1217
3x6bpwv4d5,social_connections,,,,594
3x6bpwv4d5,show,,,,134
3x6bpwv4d5,index,,,,17338
3x6bpwv4d5,index,,,,56
3x6bpwv4d5,collections,,,,145
3x6bpwv4d5,active,,,,597
3x6bpwv4d5,show,,,,735
3x6bpwv4d5,show,,,,560
3x6bpwv4d5,index,,,,7779
3x6bpwv4d5,campaigns,,,,89
3x6bpwv4d5,collections,,,,264
3x6bpwv4d5,show,,,,58
3x6bpwv4d5,show,,,,543
3x6bpwv4d5,active,,,,848
3x6bpwv4d5,domains,,,,91
3x6bpwv4d5,search,,,,8870
3x6bpwv4d5,search,,,,4812
3x6bpwv4d5,search,,,,5201
3x6bpwv4d5,search,,,,7421
3x6bpwv4d5,search,,,,4285
3x6bpwv4d5,search,,,,3344
3x6bpwv4d5,search,,,,5840
3x6bpwv4d5,show,,,,12731
3x6bpwv4d5,social_connections,,,,1048
3x6bpwv4d5,index,,,,570
3x6bpwv4d5,show,,,,170
3x6bpwv4d5,collections,,,,617
3x6bpwv4d5,active,,,,103
3x6bpwv4d5,search,,,,2021
3x6bpwv4d5,show,,,,2110
3x6bpwv4d5,index,,,,482
3x6bpwv4d5,social_connections,,,,75
3x6bpwv4d5,show,,,,890
3x6bpwv4d5,search,,,,6867
3x6bpwv4d5,active,,,,647
3x6bpwv4d5,collections,,,,847
3x6bpwv4d5,index,,,,3522
3x6bpwv4d5,show,,,,150
3x6bpwv4d5,social_connections,,,,11
3x6bpwv4d5,show,,,,643
3x6bpwv4d5,search,,,,30392
3x6bpwv4d5,collections,,,,421
3x6bpwv4d5,active,,,,434
3x6bpwv4d5,show,,,,12300
3x6bpwv4d5,social_connections,,,,964
3x6bpwv4d5,index,,,,60
3x6bpwv4d5,show,,,,607
3x6bpwv4d5,reviews,,,,18814
3x6bpwv4d5,reviews,,,,625
3x6bpwv4d5,,message_post,message_post,,284558
3x6bpwv4d5,create,,,,788
3x6bpwv4d5,collections,,,,7095
3x6bpwv4d5,active,,,,707
3x6bpwv4d5,search,,,,2821
3x6bpwv4d5,show,,,,3102
3x6bpwv4d5,index,,,,477
3x6bpwv4d5,social_connections,,,,72
3x6bpwv4d5,show,,,,1047
3x6bpwv4d5,reviews,,,,11832
3x6bpwv4d5,reviews,,,,270
3x6bpwv4d5,relationship,,,,2146
3x6bpwv4d5,social_connections,,,,1042
3x6bpwv4d5,index,,,,95925
7n8bg5rl80,show,,,"Windows Desktop",75
7n8bg5rl80,index,view,view_search_results,"Windows Desktop",82006
7n8bg5rl80,personalize,data,wishlist_content_update,"Windows Desktop",2429
7n8bg5rl80,lookup,,,"Windows Desktop",78
7n8bg5rl80,show,view,p3,"Windows Desktop",9397
7n8bg5rl80,personalize,data,wishlist_content_update,"Windows Desktop",1480
7n8bg5rl80,show,,,"Windows Desktop",109
7n8bg5rl80,ajax_refresh_subtotal,click,change_trip_characteristics,"Windows Desktop",741
7n8bg5rl80,similar_listings,data,similar_listings,"Windows Desktop",53
7n8bg5rl80,index,view,view_search_results,"Windows Desktop",12318
7n8bg5rl80,personalize,data,wishlist_content_update,"Windows Desktop",2015
7n8bg5rl80,,message_post,message_post,"Windows Desktop",24711
7n8bg5rl80,lookup,,,"Windows Desktop",61
7n8bg5rl80,show,view,p3,"Windows Desktop",68762
7n8bg5rl80,personalize,data,wishlist_content_update,"Windows Desktop",1267
7n8bg5rl80,show,,,"Windows Desktop",88
7n8bg5rl80,ask_question,submit,contact_host,"Windows Desktop",754
7n8bg5rl80,show,view,p3,"Windows Desktop",18241
